Status,Car,Down,Monthly,Term,Miles,City,Photos,Notes
AVAILABLE,2025 Chevrolet Corvette C8,8750,1800,,35k,,,A 2025 Vette for less down than a Camry.
AVAILABLE,2022 Cadillac Escalade Premium Luxury,13500,2495,,,,,
AVAILABLE,2024 Mercedes-Benz GLE,13500,2495,,,,,Newest body style.
AVAILABLE,2023 Range Rover,13495,2500,,36k,,"range-rover-1.jpg, range-rover-3.jpg, range-rover-2.jpg, range-rover-4.jpg, range-rover-5.jpg",
AVAILABLE,2025 Mercedes-Benz Sprinter 2500,15995,2950,,,,,Monthly includes commercial insurance.
AVAILABLE,2021 Mercedes-Benz S580,18500,2995,,,,,The back seat is the point.
AVAILABLE,2020 Mercedes-Benz G550,18995,3000,,53k,,,Designo Matte Black.
AVAILABLE,2024 Corvette Z06 2LT Convertible,25995,2800,,3k,"Phoenix, AZ",,
AVAILABLE,2022 Lamborghini Urus,24995,4400,,37k,,,
AVAILABLE,2023 Mercedes-Maybach GLS 600,25000,3500,,,,,
AVAILABLE,2025 Corvette Z06 3LZ Convertible,29000,2900,,15k,"Boston, MA",,
AVAILABLE,2022 Mercedes-AMG G63,30995,3900,,19k,"Phoenix, AZ",,
AVAILABLE,2020 Lamborghini Urus,30999,4415,,40k,"Phoenix, AZ",,
AVAILABLE,2020 Lamborghini Urus — 1-of-1 Build,36495,3500,,68k,,,One-of-one spec.
AVAILABLE,2021 Rolls-Royce Cullinan,41499,6250,,20k,"Phoenix, AZ",,
AVAILABLE,2020 McLaren 720S Spyder,49000,6000,6 or 12 months · 7500 mi/yr,14k,"Phoenix, AZ",,
AVAILABLE,2025 Lamborghini Urus SE,64995,7600,,"1,132",,,Basically new.
